<?xml version="1.0" encoding="UTF-8" standalone="yes"?>
<students>
    <listHangHoa>
        <maHangHoa>1</maHangHoa>
        <soLuong>70</soLuong>
        <tenHangHoa>Bàn chải</tenHangHoa>
        <donViTinh>Cái</donViTinh>
        <dateNhapHang>05/11/2024</dateNhapHang>
        <donGia>5000.0</donGia>
        <giaBan>7000.0</giaBan>
    </listHangHoa>
    <listHangHoa>
        <maHangHoa>2</maHangHoa>
        <soLuong>99</soLuong>
        <tenHangHoa>Sách</tenHangHoa>
        <donViTinh>Quyển</donViTinh>
        <dateNhapHang>14/11/2024</dateNhapHang>
        <donGia>8000000.0</donGia>
        <giaBan>9.0E7</giaBan>
    </listHangHoa>
    <listHangHoa>
        <maHangHoa>3</maHangHoa>
        <soLuong>88</soLuong>
        <tenHangHoa>Quần</tenHangHoa>
        <donViTinh>Cái</donViTinh>
        <dateNhapHang>27/11/2024</dateNhapHang>
        <donGia>42112.0</donGia>
        <giaBan>9.0E12</giaBan>
    </listHangHoa>
</students>
